PDF_Seite,Blatt,Wurzel_betont,Blaetter_gross,Bluete_auffaellig
4,f1v,,,
5,f2r,,,
6,f2v,,,
7,f3r,,,
8,f3v,,,
9,f4r,,,
10,f4v,,,
11,f5r,,,
12,f5v,,,
13,f6r,,,
14,f6v,,,
15,f7r,,,
16,f7v,,,
17,f8r,,,
18,f8v,,,
19,f9r,,,
20,f9v,,,
21,f10r,,,
22,f10v,,,
23,f11r,,,
24,f11v,,,
25,f13r,,,
26,f13v,,,
27,f14r,,,
28,f14v,,,
29,f15r,,,
30,f15v,,,
31,f16r,,,
32,f16v,,,
33,f17r,,,
34,f17v,,,
35,f18r,,,
36,f18v,,,
37,f19r,,,
38,f19v,,,
39,f20r,,,
40,f20v,,,
41,f21r,,,
42,f21v,,,
43,f22r,,,
44,f22v,,,
45,f23r,,,
46,f23v,,,
47,f24r,,,
48,f24v,,,
49,f25r,,,
50,f25v,,,
51,f26r,,,
52,f26v,,,
53,f27r,,,
54,f27v,,,
55,f28r,,,
56,f28v,,,
57,f29r,,,
58,f29v,,,
59,f30r,,,
60,f30v,,,
61,f31r,,,
62,f31v,,,
63,f32r,,,
64,f32v,,,
65,f33r,,,
66,f33v,,,
67,f34r,,,
68,f34v,,,
69,f35r,,,
70,f35v,,,
71,f36r,,,
72,f36v,,,
73,f37r,,,
74,f37v,,,
75,f38r,,,
76,f38v,,,
77,f39r,,,
78,f39v,,,
79,f40r,,,
80,f40v,,,
81,f41r,,,
82,f41v,,,
83,f42r,,,
84,f42v,,,
85,f43r,,,
86,f43v,,,
87,f44r,,,
88,f44v,,,
89,f45r,,,
90,f45v,,,
91,f46r,,,
92,f46v,,,
93,f47r,,,
94,f47v,,,
95,f48r,,,
96,f48v,,,
97,f49r,,,
98,f49v,,,
99,f50r,,,
100,f50v,,,
101,f51r,,,
102,f51v,,,
103,f52r,,,
104,f52v,,,
105,f53r,,,
106,f53v,,,
107,f54r,,,
108,f54v,,,
109,f55r,,,
110,f55v,,,
111,f56r,,,
112,f56v,,,
113,f57r,,,
