Seite,Bildlink,Wurzel_betont,Blaetter_gross,Bluete_auffaellig
f1v,https://iiif.archive.org/image/iiif/3/voynich_MS_408%2Fvoynich_jp2.zip%2Fvoynich_jp2%2Fvoynich_0004.jp2/full/900,/0/default.jpg,,,
f2r,https://iiif.archive.org/image/iiif/3/voynich_MS_408%2Fvoynich_jp2.zip%2Fvoynich_jp2%2Fvoynich_0005.jp2/full/900,/0/default.jpg,,,
f2v,https://iiif.archive.org/image/iiif/3/voynich_MS_408%2Fvoynich_jp2.zip%2Fvoynich_jp2%2Fvoynich_0006.jp2/full/900,/0/default.jpg,,,
f3r,https://iiif.archive.org/image/iiif/3/voynich_MS_408%2Fvoynich_jp2.zip%2Fvoynich_jp2%2Fvoynich_0007.jp2/full/900,/0/default.jpg,,,
f3v,https://iiif.archive.org/image/iiif/3/voynich_MS_408%2Fvoynich_jp2.zip%2Fvoynich_jp2%2Fvoynich_0008.jp2/full/900,/0/default.jpg,,,
f4r,https://iiif.archive.org/image/iiif/3/voynich_MS_408%2Fvoynich_jp2.zip%2Fvoynich_jp2%2Fvoynich_0009.jp2/full/900,/0/default.jpg,,,
f4v,https://iiif.archive.org/image/iiif/3/voynich_MS_408%2Fvoynich_jp2.zip%2Fvoynich_jp2%2Fvoynich_0010.jp2/full/900,/0/default.jpg,,,
f5r,https://iiif.archive.org/image/iiif/3/voynich_MS_408%2Fvoynich_jp2.zip%2Fvoynich_jp2%2Fvoynich_0011.jp2/full/900,/0/default.jpg,,,
f5v,https://iiif.archive.org/image/iiif/3/voynich_MS_408%2Fvoynich_jp2.zip%2Fvoynich_jp2%2Fvoynich_0012.jp2/full/900,/0/default.jpg,,,
f6r,https://iiif.archive.org/image/iiif/3/voynich_MS_408%2Fvoynich_jp2.zip%2Fvoynich_jp2%2Fvoynich_0013.jp2/full/900,/0/default.jpg,,,
f6v,https://iiif.archive.org/image/iiif/3/voynich_MS_408%2Fvoynich_jp2.zip%2Fvoynich_jp2%2Fvoynich_0014.jp2/full/900,/0/default.jpg,,,
f7r,https://iiif.archive.org/image/iiif/3/voynich_MS_408%2Fvoynich_jp2.zip%2Fvoynich_jp2%2Fvoynich_0015.jp2/full/900,/0/default.jpg,,,
f7v,https://iiif.archive.org/image/iiif/3/voynich_MS_408%2Fvoynich_jp2.zip%2Fvoynich_jp2%2Fvoynich_0016.jp2/full/900,/0/default.jpg,,,
f8r,https://iiif.archive.org/image/iiif/3/voynich_MS_408%2Fvoynich_jp2.zip%2Fvoynich_jp2%2Fvoynich_0017.jp2/full/900,/0/default.jpg,,,
f8v,https://iiif.archive.org/image/iiif/3/voynich_MS_408%2Fvoynich_jp2.zip%2Fvoynich_jp2%2Fvoynich_0018.jp2/full/900,/0/default.jpg,,,
f9r,https://iiif.archive.org/image/iiif/3/voynich_MS_408%2Fvoynich_jp2.zip%2Fvoynich_jp2%2Fvoynich_0019.jp2/full/900,/0/default.jpg,,,
f9v,https://iiif.archive.org/image/iiif/3/voynich_MS_408%2Fvoynich_jp2.zip%2Fvoynich_jp2%2Fvoynich_0020.jp2/full/900,/0/default.jpg,,,
f10r,https://iiif.archive.org/image/iiif/3/voynich_MS_408%2Fvoynich_jp2.zip%2Fvoynich_jp2%2Fvoynich_0021.jp2/full/900,/0/default.jpg,,,
f10v,https://iiif.archive.org/image/iiif/3/voynich_MS_408%2Fvoynich_jp2.zip%2Fvoynich_jp2%2Fvoynich_0022.jp2/full/900,/0/default.jpg,,,
f11r,https://iiif.archive.org/image/iiif/3/voynich_MS_408%2Fvoynich_jp2.zip%2Fvoynich_jp2%2Fvoynich_0023.jp2/full/900,/0/default.jpg,,,
f11v,https://iiif.archive.org/image/iiif/3/voynich_MS_408%2Fvoynich_jp2.zip%2Fvoynich_jp2%2Fvoynich_0024.jp2/full/900,/0/default.jpg,,,
f13r,https://iiif.archive.org/image/iiif/3/voynich_MS_408%2Fvoynich_jp2.zip%2Fvoynich_jp2%2Fvoynich_0025.jp2/full/900,/0/default.jpg,,,
f13v,https://iiif.archive.org/image/iiif/3/voynich_MS_408%2Fvoynich_jp2.zip%2Fvoynich_jp2%2Fvoynich_0026.jp2/full/900,/0/default.jpg,,,
f14r,https://iiif.archive.org/image/iiif/3/voynich_MS_408%2Fvoynich_jp2.zip%2Fvoynich_jp2%2Fvoynich_0027.jp2/full/900,/0/default.jpg,,,
f14v,https://iiif.archive.org/image/iiif/3/voynich_MS_408%2Fvoynich_jp2.zip%2Fvoynich_jp2%2Fvoynich_0028.jp2/full/900,/0/default.jpg,,,
f15r,https://iiif.archive.org/image/iiif/3/voynich_MS_408%2Fvoynich_jp2.zip%2Fvoynich_jp2%2Fvoynich_0029.jp2/full/900,/0/default.jpg,,,
f15v,https://iiif.archive.org/image/iiif/3/voynich_MS_408%2Fvoynich_jp2.zip%2Fvoynich_jp2%2Fvoynich_0030.jp2/full/900,/0/default.jpg,,,
f16r,https://iiif.archive.org/image/iiif/3/voynich_MS_408%2Fvoynich_jp2.zip%2Fvoynich_jp2%2Fvoynich_0031.jp2/full/900,/0/default.jpg,,,
f16v,https://iiif.archive.org/image/iiif/3/voynich_MS_408%2Fvoynich_jp2.zip%2Fvoynich_jp2%2Fvoynich_0032.jp2/full/900,/0/default.jpg,,,
f17r,https://iiif.archive.org/image/iiif/3/voynich_MS_408%2Fvoynich_jp2.zip%2Fvoynich_jp2%2Fvoynich_0033.jp2/full/900,/0/default.jpg,,,
f17v,https://iiif.archive.org/image/iiif/3/voynich_MS_408%2Fvoynich_jp2.zip%2Fvoynich_jp2%2Fvoynich_0034.jp2/full/900,/0/default.jpg,,,
f18r,https://iiif.archive.org/image/iiif/3/voynich_MS_408%2Fvoynich_jp2.zip%2Fvoynich_jp2%2Fvoynich_0035.jp2/full/900,/0/default.jpg,,,
f18v,https://iiif.archive.org/image/iiif/3/voynich_MS_408%2Fvoynich_jp2.zip%2Fvoynich_jp2%2Fvoynich_0036.jp2/full/900,/0/default.jpg,,,
f19r,https://iiif.archive.org/image/iiif/3/voynich_MS_408%2Fvoynich_jp2.zip%2Fvoynich_jp2%2Fvoynich_0037.jp2/full/900,/0/default.jpg,,,
f19v,https://iiif.archive.org/image/iiif/3/voynich_MS_408%2Fvoynich_jp2.zip%2Fvoynich_jp2%2Fvoynich_0038.jp2/full/900,/0/default.jpg,,,
f20r,https://iiif.archive.org/image/iiif/3/voynich_MS_408%2Fvoynich_jp2.zip%2Fvoynich_jp2%2Fvoynich_0039.jp2/full/900,/0/default.jpg,,,
f20v,https://iiif.archive.org/image/iiif/3/voynich_MS_408%2Fvoynich_jp2.zip%2Fvoynich_jp2%2Fvoynich_0040.jp2/full/900,/0/default.jpg,,,
f21r,https://iiif.archive.org/image/iiif/3/voynich_MS_408%2Fvoynich_jp2.zip%2Fvoynich_jp2%2Fvoynich_0041.jp2/full/900,/0/default.jpg,,,
f21v,https://iiif.archive.org/image/iiif/3/voynich_MS_408%2Fvoynich_jp2.zip%2Fvoynich_jp2%2Fvoynich_0042.jp2/full/900,/0/default.jpg,,,
f22r,https://iiif.archive.org/image/iiif/3/voynich_MS_408%2Fvoynich_jp2.zip%2Fvoynich_jp2%2Fvoynich_0043.jp2/full/900,/0/default.jpg,,,
f22v,https://iiif.archive.org/image/iiif/3/voynich_MS_408%2Fvoynich_jp2.zip%2Fvoynich_jp2%2Fvoynich_0044.jp2/full/900,/0/default.jpg,,,
f23r,https://iiif.archive.org/image/iiif/3/voynich_MS_408%2Fvoynich_jp2.zip%2Fvoynich_jp2%2Fvoynich_0045.jp2/full/900,/0/default.jpg,,,
f23v,https://iiif.archive.org/image/iiif/3/voynich_MS_408%2Fvoynich_jp2.zip%2Fvoynich_jp2%2Fvoynich_0046.jp2/full/900,/0/default.jpg,,,
f24r,https://iiif.archive.org/image/iiif/3/voynich_MS_408%2Fvoynich_jp2.zip%2Fvoynich_jp2%2Fvoynich_0047.jp2/full/900,/0/default.jpg,,,
f24v,https://iiif.archive.org/image/iiif/3/voynich_MS_408%2Fvoynich_jp2.zip%2Fvoynich_jp2%2Fvoynich_0048.jp2/full/900,/0/default.jpg,,,
f25r,https://iiif.archive.org/image/iiif/3/voynich_MS_408%2Fvoynich_jp2.zip%2Fvoynich_jp2%2Fvoynich_0049.jp2/full/900,/0/default.jpg,,,
f25v,https://iiif.archive.org/image/iiif/3/voynich_MS_408%2Fvoynich_jp2.zip%2Fvoynich_jp2%2Fvoynich_0050.jp2/full/900,/0/default.jpg,,,
f26r,https://iiif.archive.org/image/iiif/3/voynich_MS_408%2Fvoynich_jp2.zip%2Fvoynich_jp2%2Fvoynich_0051.jp2/full/900,/0/default.jpg,,,
f26v,https://iiif.archive.org/image/iiif/3/voynich_MS_408%2Fvoynich_jp2.zip%2Fvoynich_jp2%2Fvoynich_0052.jp2/full/900,/0/default.jpg,,,
f27r,https://iiif.archive.org/image/iiif/3/voynich_MS_408%2Fvoynich_jp2.zip%2Fvoynich_jp2%2Fvoynich_0053.jp2/full/900,/0/default.jpg,,,
f27v,https://iiif.archive.org/image/iiif/3/voynich_MS_408%2Fvoynich_jp2.zip%2Fvoynich_jp2%2Fvoynich_0054.jp2/full/900,/0/default.jpg,,,
f28r,https://iiif.archive.org/image/iiif/3/voynich_MS_408%2Fvoynich_jp2.zip%2Fvoynich_jp2%2Fvoynich_0055.jp2/full/900,/0/default.jpg,,,
f28v,https://iiif.archive.org/image/iiif/3/voynich_MS_408%2Fvoynich_jp2.zip%2Fvoynich_jp2%2Fvoynich_0056.jp2/full/900,/0/default.jpg,,,
f29r,https://iiif.archive.org/image/iiif/3/voynich_MS_408%2Fvoynich_jp2.zip%2Fvoynich_jp2%2Fvoynich_0057.jp2/full/900,/0/default.jpg,,,
f29v,https://iiif.archive.org/image/iiif/3/voynich_MS_408%2Fvoynich_jp2.zip%2Fvoynich_jp2%2Fvoynich_0058.jp2/full/900,/0/default.jpg,,,
f30r,https://iiif.archive.org/image/iiif/3/voynich_MS_408%2Fvoynich_jp2.zip%2Fvoynich_jp2%2Fvoynich_0059.jp2/full/900,/0/default.jpg,,,
f30v,https://iiif.archive.org/image/iiif/3/voynich_MS_408%2Fvoynich_jp2.zip%2Fvoynich_jp2%2Fvoynich_0060.jp2/full/900,/0/default.jpg,,,
f31r,https://iiif.archive.org/image/iiif/3/voynich_MS_408%2Fvoynich_jp2.zip%2Fvoynich_jp2%2Fvoynich_0061.jp2/full/900,/0/default.jpg,,,
f31v,https://iiif.archive.org/image/iiif/3/voynich_MS_408%2Fvoynich_jp2.zip%2Fvoynich_jp2%2Fvoynich_0062.jp2/full/900,/0/default.jpg,,,
f32r,https://iiif.archive.org/image/iiif/3/voynich_MS_408%2Fvoynich_jp2.zip%2Fvoynich_jp2%2Fvoynich_0063.jp2/full/900,/0/default.jpg,,,
f32v,https://iiif.archive.org/image/iiif/3/voynich_MS_408%2Fvoynich_jp2.zip%2Fvoynich_jp2%2Fvoynich_0064.jp2/full/900,/0/default.jpg,,,
f33r,https://iiif.archive.org/image/iiif/3/voynich_MS_408%2Fvoynich_jp2.zip%2Fvoynich_jp2%2Fvoynich_0065.jp2/full/900,/0/default.jpg,,,
f33v,https://iiif.archive.org/image/iiif/3/voynich_MS_408%2Fvoynich_jp2.zip%2Fvoynich_jp2%2Fvoynich_0066.jp2/full/900,/0/default.jpg,,,
f34r,https://iiif.archive.org/image/iiif/3/voynich_MS_408%2Fvoynich_jp2.zip%2Fvoynich_jp2%2Fvoynich_0067.jp2/full/900,/0/default.jpg,,,
f34v,https://iiif.archive.org/image/iiif/3/voynich_MS_408%2Fvoynich_jp2.zip%2Fvoynich_jp2%2Fvoynich_0068.jp2/full/900,/0/default.jpg,,,
f35r,https://iiif.archive.org/image/iiif/3/voynich_MS_408%2Fvoynich_jp2.zip%2Fvoynich_jp2%2Fvoynich_0069.jp2/full/900,/0/default.jpg,,,
f35v,https://iiif.archive.org/image/iiif/3/voynich_MS_408%2Fvoynich_jp2.zip%2Fvoynich_jp2%2Fvoynich_0070.jp2/full/900,/0/default.jpg,,,
f36r,https://iiif.archive.org/image/iiif/3/voynich_MS_408%2Fvoynich_jp2.zip%2Fvoynich_jp2%2Fvoynich_0071.jp2/full/900,/0/default.jpg,,,
f36v,https://iiif.archive.org/image/iiif/3/voynich_MS_408%2Fvoynich_jp2.zip%2Fvoynich_jp2%2Fvoynich_0072.jp2/full/900,/0/default.jpg,,,
f37r,https://iiif.archive.org/image/iiif/3/voynich_MS_408%2Fvoynich_jp2.zip%2Fvoynich_jp2%2Fvoynich_0073.jp2/full/900,/0/default.jpg,,,
f37v,https://iiif.archive.org/image/iiif/3/voynich_MS_408%2Fvoynich_jp2.zip%2Fvoynich_jp2%2Fvoynich_0074.jp2/full/900,/0/default.jpg,,,
f38r,https://iiif.archive.org/image/iiif/3/voynich_MS_408%2Fvoynich_jp2.zip%2Fvoynich_jp2%2Fvoynich_0075.jp2/full/900,/0/default.jpg,,,
f38v,https://iiif.archive.org/image/iiif/3/voynich_MS_408%2Fvoynich_jp2.zip%2Fvoynich_jp2%2Fvoynich_0076.jp2/full/900,/0/default.jpg,,,
f39r,https://iiif.archive.org/image/iiif/3/voynich_MS_408%2Fvoynich_jp2.zip%2Fvoynich_jp2%2Fvoynich_0077.jp2/full/900,/0/default.jpg,,,
f39v,https://iiif.archive.org/image/iiif/3/voynich_MS_408%2Fvoynich_jp2.zip%2Fvoynich_jp2%2Fvoynich_0078.jp2/full/900,/0/default.jpg,,,
f40r,https://iiif.archive.org/image/iiif/3/voynich_MS_408%2Fvoynich_jp2.zip%2Fvoynich_jp2%2Fvoynich_0079.jp2/full/900,/0/default.jpg,,,
f40v,https://iiif.archive.org/image/iiif/3/voynich_MS_408%2Fvoynich_jp2.zip%2Fvoynich_jp2%2Fvoynich_0080.jp2/full/900,/0/default.jpg,,,
f41r,https://iiif.archive.org/image/iiif/3/voynich_MS_408%2Fvoynich_jp2.zip%2Fvoynich_jp2%2Fvoynich_0081.jp2/full/900,/0/default.jpg,,,
f41v,https://iiif.archive.org/image/iiif/3/voynich_MS_408%2Fvoynich_jp2.zip%2Fvoynich_jp2%2Fvoynich_0082.jp2/full/900,/0/default.jpg,,,
f42r,https://iiif.archive.org/image/iiif/3/voynich_MS_408%2Fvoynich_jp2.zip%2Fvoynich_jp2%2Fvoynich_0083.jp2/full/900,/0/default.jpg,,,
f42v,https://iiif.archive.org/image/iiif/3/voynich_MS_408%2Fvoynich_jp2.zip%2Fvoynich_jp2%2Fvoynich_0084.jp2/full/900,/0/default.jpg,,,
f43r,https://iiif.archive.org/image/iiif/3/voynich_MS_408%2Fvoynich_jp2.zip%2Fvoynich_jp2%2Fvoynich_0085.jp2/full/900,/0/default.jpg,,,
f43v,https://iiif.archive.org/image/iiif/3/voynich_MS_408%2Fvoynich_jp2.zip%2Fvoynich_jp2%2Fvoynich_0086.jp2/full/900,/0/default.jpg,,,
f44r,https://iiif.archive.org/image/iiif/3/voynich_MS_408%2Fvoynich_jp2.zip%2Fvoynich_jp2%2Fvoynich_0087.jp2/full/900,/0/default.jpg,,,
f44v,https://iiif.archive.org/image/iiif/3/voynich_MS_408%2Fvoynich_jp2.zip%2Fvoynich_jp2%2Fvoynich_0088.jp2/full/900,/0/default.jpg,,,
f45r,https://iiif.archive.org/image/iiif/3/voynich_MS_408%2Fvoynich_jp2.zip%2Fvoynich_jp2%2Fvoynich_0089.jp2/full/900,/0/default.jpg,,,
f45v,https://iiif.archive.org/image/iiif/3/voynich_MS_408%2Fvoynich_jp2.zip%2Fvoynich_jp2%2Fvoynich_0090.jp2/full/900,/0/default.jpg,,,
f46r,https://iiif.archive.org/image/iiif/3/voynich_MS_408%2Fvoynich_jp2.zip%2Fvoynich_jp2%2Fvoynich_0091.jp2/full/900,/0/default.jpg,,,
f46v,https://iiif.archive.org/image/iiif/3/voynich_MS_408%2Fvoynich_jp2.zip%2Fvoynich_jp2%2Fvoynich_0092.jp2/full/900,/0/default.jpg,,,
f47r,https://iiif.archive.org/image/iiif/3/voynich_MS_408%2Fvoynich_jp2.zip%2Fvoynich_jp2%2Fvoynich_0093.jp2/full/900,/0/default.jpg,,,
f47v,https://iiif.archive.org/image/iiif/3/voynich_MS_408%2Fvoynich_jp2.zip%2Fvoynich_jp2%2Fvoynich_0094.jp2/full/900,/0/default.jpg,,,
f48r,https://iiif.archive.org/image/iiif/3/voynich_MS_408%2Fvoynich_jp2.zip%2Fvoynich_jp2%2Fvoynich_0095.jp2/full/900,/0/default.jpg,,,
f48v,https://iiif.archive.org/image/iiif/3/voynich_MS_408%2Fvoynich_jp2.zip%2Fvoynich_jp2%2Fvoynich_0096.jp2/full/900,/0/default.jpg,,,
f49r,https://iiif.archive.org/image/iiif/3/voynich_MS_408%2Fvoynich_jp2.zip%2Fvoynich_jp2%2Fvoynich_0097.jp2/full/900,/0/default.jpg,,,
f49v,https://iiif.archive.org/image/iiif/3/voynich_MS_408%2Fvoynich_jp2.zip%2Fvoynich_jp2%2Fvoynich_0098.jp2/full/900,/0/default.jpg,,,
f50r,https://iiif.archive.org/image/iiif/3/voynich_MS_408%2Fvoynich_jp2.zip%2Fvoynich_jp2%2Fvoynich_0099.jp2/full/900,/0/default.jpg,,,
f50v,https://iiif.archive.org/image/iiif/3/voynich_MS_408%2Fvoynich_jp2.zip%2Fvoynich_jp2%2Fvoynich_0100.jp2/full/900,/0/default.jpg,,,
f51r,https://iiif.archive.org/image/iiif/3/voynich_MS_408%2Fvoynich_jp2.zip%2Fvoynich_jp2%2Fvoynich_0101.jp2/full/900,/0/default.jpg,,,
f51v,https://iiif.archive.org/image/iiif/3/voynich_MS_408%2Fvoynich_jp2.zip%2Fvoynich_jp2%2Fvoynich_0102.jp2/full/900,/0/default.jpg,,,
f52r,https://iiif.archive.org/image/iiif/3/voynich_MS_408%2Fvoynich_jp2.zip%2Fvoynich_jp2%2Fvoynich_0103.jp2/full/900,/0/default.jpg,,,
f52v,https://iiif.archive.org/image/iiif/3/voynich_MS_408%2Fvoynich_jp2.zip%2Fvoynich_jp2%2Fvoynich_0104.jp2/full/900,/0/default.jpg,,,
f53r,https://iiif.archive.org/image/iiif/3/voynich_MS_408%2Fvoynich_jp2.zip%2Fvoynich_jp2%2Fvoynich_0105.jp2/full/900,/0/default.jpg,,,
f53v,https://iiif.archive.org/image/iiif/3/voynich_MS_408%2Fvoynich_jp2.zip%2Fvoynich_jp2%2Fvoynich_0106.jp2/full/900,/0/default.jpg,,,
f54r,https://iiif.archive.org/image/iiif/3/voynich_MS_408%2Fvoynich_jp2.zip%2Fvoynich_jp2%2Fvoynich_0107.jp2/full/900,/0/default.jpg,,,
f54v,https://iiif.archive.org/image/iiif/3/voynich_MS_408%2Fvoynich_jp2.zip%2Fvoynich_jp2%2Fvoynich_0108.jp2/full/900,/0/default.jpg,,,
f55r,https://iiif.archive.org/image/iiif/3/voynich_MS_408%2Fvoynich_jp2.zip%2Fvoynich_jp2%2Fvoynich_0109.jp2/full/900,/0/default.jpg,,,
f55v,https://iiif.archive.org/image/iiif/3/voynich_MS_408%2Fvoynich_jp2.zip%2Fvoynich_jp2%2Fvoynich_0110.jp2/full/900,/0/default.jpg,,,
f56r,https://iiif.archive.org/image/iiif/3/voynich_MS_408%2Fvoynich_jp2.zip%2Fvoynich_jp2%2Fvoynich_0111.jp2/full/900,/0/default.jpg,,,
f56v,https://iiif.archive.org/image/iiif/3/voynich_MS_408%2Fvoynich_jp2.zip%2Fvoynich_jp2%2Fvoynich_0112.jp2/full/900,/0/default.jpg,,,
f57r,https://iiif.archive.org/image/iiif/3/voynich_MS_408%2Fvoynich_jp2.zip%2Fvoynich_jp2%2Fvoynich_0113.jp2/full/900,/0/default.jpg,,,
